-------------------------------    INSERT DATA     ----------------------------------------------------
Use ASSIGNMENT_2;
Go

-- EMPLOYEE
	Insert Into Employee(E_Code, E_FName, E_LName, E_Gender, E_Address, E_Type)
	values ('0001','Harry','Wilson','M','731 Fondren, Houston, TX', 'Manager')
	Insert Into Employee(E_Code, E_FName, E_LName, E_Gender, E_Address, E_Type)
	values ('1001','Marcus','Thuram','M','638 Voss, Houston, TX', 'Operational staff')
	Insert Into Employee(E_Code, E_FName, E_LName, E_Gender, E_Address, E_Type)
	values ('1002','Luke','Chiwell','M','3321 Castle, Spring, TX', 'Operational staff')
	Insert Into Employee(E_Code, E_FName, E_LName, E_Gender, E_Address, E_Type)
	values ('2001','Victoria','Marget','F','291 Berry, Bellaire, TX', 'Partner staff')
	Insert Into Employee(E_Code, E_FName, E_LName, E_Gender, E_Address, E_Type)
	values ('2002','Annie','Thompson','F','975 Fire Oak, Humble, TX', 'Partner staff')
	Insert Into Employee(E_Code, E_FName, E_LName, E_Gender, E_Address, E_Type)
	values ('3001','Jude','Bellingham','M','5631 Rice, Houston, TX', 'Office staff')
	Insert Into Employee(E_Code, E_FName, E_LName, E_Gender, E_Address, E_Type)
	values ('3002','Nicole','Jackson','F','980 Dallas, Houston, TX', 'Office staff')
	go
	
-- EMPLOYEE PHONE
	Insert Into Employee_Phone(Employee_Code, Phone_Number)
	values ('0001','0817000403')
	Insert Into Employee_Phone(Employee_Code, Phone_Number)
	values ('0001','0908125346')
	Insert Into Employee_Phone(Employee_Code, Phone_Number)
	values ('1001','0988947051')
	Insert Into Employee_Phone(Employee_Code, Phone_Number)
	values ('1002','0918097295')
	Insert Into Employee_Phone(Employee_Code, Phone_Number)
	values ('2001','0783729224')
	Insert Into Employee_Phone(Employee_Code, Phone_Number)
	values ('2002','0913350899')
	Insert Into Employee_Phone(Employee_Code, Phone_Number)
	values ('3001','0982524669')
	Insert Into Employee_Phone(Employee_Code, Phone_Number)
	values ('3002','0919723858')
	go
	
-- SUPPLIER
	Insert Into Supplier(S_Code, S_Name, S_Address, S_Taxcode, S_BankAccount, S_Pstaff_code)
	values ('000001','John Murtough','271 Jester, Austin, Florida','555666777','000410004567', '2001')
	Insert Into Supplier(S_Code, S_Name, S_Address, S_Taxcode, S_BankAccount, S_Pstaff_code)
	values ('000002','Joel Glazer','212 Nixon, Geogre, California','999999999','000520001234', '2001')
	Insert Into Supplier(S_Code, S_Name, S_Address, S_Taxcode, S_BankAccount, S_Pstaff_code)
	values ('000003','Darren Fletcher','1480 Hull, Jorge, North Carolina','000777888','000720008888', '2002')
	Insert Into Supplier(S_Code, S_Name, S_Address, S_Taxcode, S_BankAccount, S_Pstaff_code)
	values ('000004','Carloz Tevez','1906 Clary, Maen, Utah','112233444','000110001111', '2002')
	Insert Into Supplier(S_Code, S_Name, S_Address, S_Taxcode, S_BankAccount, S_Pstaff_code)
	values ('000005','Silk Agency','2323 Unix, Iwah, Kansas','987654321','000880008888', '2001')
	go
	
-- SUPPLIER PHONE
	Insert Into Supplier_Phone(Supplier_Code, Phone_number)
	values ('000001','0989599989')
	Insert Into Supplier_Phone(Supplier_Code, Phone_number)
	values ('000002','0939172845')
	Insert Into Supplier_Phone(Supplier_Code, Phone_number)
	values ('000003','0915306624')
	Insert Into Supplier_Phone(Supplier_Code, Phone_number)
	values ('000003','0986075433')
	Insert Into Supplier_Phone(Supplier_Code, Phone_number)
	values ('000004','0913778512')
	Insert Into Supplier_Phone(Supplier_Code, Phone_number)
	values ('000005','0389542753')
	go

-- FABRIC CATEGORY
	Insert Into Fabric_Category(F_Code, F_Name, F_Color)
	values ('11111','Silk','#BDB1A8')
	Insert Into Fabric_Category(F_Code, F_Name, F_Color)
	values ('11112','Jacquard','#746E50')
	Insert Into Fabric_Category(F_Code, F_Name, F_Color)
	values ('11113','Damask','#8B5959')
	Insert Into Fabric_Category(F_Code, F_Name, F_Color)
	values ('11114','Khaki','#F0E68C')
	Insert Into Fabric_Category(F_Code, F_Name, F_Color)
	values ('11115','Silk','#B7A99B')
	Insert Into Fabric_Category(F_Code, F_Name, F_Color)
	values ('11116','Faux silk','#FFBF00')
	Insert Into Fabric_Category(F_Code, F_Name, F_Color)
	values ('11117','Crewel','#CBB99B')
	Insert Into Fabric_Category(F_Code, F_Name, F_Color)
	values ('11118','Damask','#FCF2DF')
	Insert Into Fabric_Category(F_Code, F_Name, F_Color)
	values ('11119','Crewel','#EFD8B8')
	Insert Into Fabric_Category(F_Code, F_Name, F_Color)
	values ('11120','Silk','#FFDDCA')
	Insert Into Fabric_Category(F_Code, F_Name, F_Color)
	values ('11121','Khaki','#C3B091')
	Insert Into Fabric_Category(F_Code, F_Name, F_Color)
	values ('11122','Jacquard','#E5D9B2')
	go

-- CUSTOMER
	Insert Into Customer(C_Code, C_FName, C_LName, C_Address, C_Office_staff_code)
	values ('22222221','Max','James', '403 Queensland, Jackson, Colorado','3001')
	Insert Into Customer(C_Code, C_FName, C_LName, C_Address, C_Office_staff_code)
	values ('22222222','Ben','Smith', '1123 Hillsboro, Reading, California','3002')
	Insert Into Customer(C_Code, C_FName, C_LName, C_Address, C_Office_staff_code)
	values ('22222223','Jack','Grealish', '567 Luton, Musesa, Florida','3001')
	Insert Into Customer(C_Code, C_FName, C_LName, C_Address, C_Office_staff_code)
	values ('22222224','Phil','Jones', '876 Ipswich, Fox Trox, Washington','3002')
	go
	
-- CUSTOMER PHONE
	Insert Into Customer_Phone(Customer_Code, Phone_number)
	values ('22222221','0908862194')
	Insert Into Customer_Phone(Customer_Code, Phone_number)
	values ('22222222','0935599899')
	Insert Into Customer_Phone(Customer_Code, Phone_number)
	values ('22222222','0917721189')
	Insert Into Customer_Phone(Customer_Code, Phone_number)
	values ('22222223','0934397897')
	Insert Into Customer_Phone(Customer_Code, Phone_number)
	values ('22222224','0367273600')
	go

-- IMPORT INFORMATION
	Insert Into Import_Information(I_Category_Code, I_Supplier_Code, I_Date, I_Quantity, I_Price)
	values ('11111','000003','2023-03-04',10,150.0)
	Insert Into Import_Information(I_Category_Code, I_Supplier_Code, I_Date, I_Quantity, I_Price)
	values ('11111','000003','2022-10-30',10,155.75)
	Insert Into Import_Information(I_Category_Code, I_Supplier_Code, I_Date, I_Quantity, I_Price)
	values ('11113','000002','2022-08-29',12,220.0)
	Insert Into Import_Information(I_Category_Code, I_Supplier_Code, I_Date, I_Quantity, I_Price)
	values ('11115','000004','2020-08-01',17,200.0)
	Insert Into Import_Information(I_Category_Code, I_Supplier_Code, I_Date, I_Quantity, I_Price)
	values ('11112','000001','2022-02-14',15,165.0)
	Insert Into Import_Information(I_Category_Code, I_Supplier_Code, I_Date, I_Quantity, I_Price)
	values ('11114','000001','2021-12-02',20,130.0)
	Insert Into Import_Information(I_Category_Code, I_Supplier_Code, I_Date, I_Quantity, I_Price)
	values ('11115','000004','2020-01-01',8,197.5)
	Insert Into Import_Information(I_Category_Code, I_Supplier_Code, I_Date, I_Quantity, I_Price)
	values ('11116','000004','2021-04-17',13,170.0)
	Insert Into Import_Information(I_Category_Code, I_Supplier_Code, I_Date, I_Quantity, I_Price)
	values ('11117','000005','2020-05-03',18,250.0)
	Insert Into Import_Information(I_Category_Code, I_Supplier_Code, I_Date, I_Quantity, I_Price)
	values ('11118','000005','2020-11-25',16,212.5)
	Insert Into Import_Information(I_Category_Code, I_Supplier_Code, I_Date, I_Quantity, I_Price)
	values ('11117','000005','2020-07-25',11,247.8)
	Insert Into Import_Information(I_Category_Code, I_Supplier_Code, I_Date, I_Quantity, I_Price)
	values ('11119','000001','2020-07-25',21,195.3)
	Insert Into Import_Information(I_Category_Code, I_Supplier_Code, I_Date, I_Quantity, I_Price)
	values ('11120','000002','2019-11-26',15,215.0)
	Insert Into Import_Information(I_Category_Code, I_Supplier_Code, I_Date, I_Quantity, I_Price)
	values ('11121','000002','2020-01-06',18,240.0)
	Insert Into Import_Information(I_Category_Code, I_Supplier_Code, I_Date, I_Quantity, I_Price)
	values ('11122','000003','2020-02-29',17,225.7)
	Insert Into Import_Information(I_Category_Code, I_Supplier_Code, I_Date, I_Quantity, I_Price)
	values ('11113','000002','2023-11-28',12,221.25)
	Insert Into Import_Information(I_Category_Code, I_Supplier_Code, I_Date, I_Quantity, I_Price)
	values ('11116','000004','2023-11-29',15,195.0)
	Insert Into Import_Information(I_Category_Code, I_Supplier_Code, I_Date, I_Quantity, I_Price)
	values ('11121','000002','2023-11-30',10,240.0)
	Insert Into Import_Information(I_Category_Code, I_Supplier_Code, I_Date, I_Quantity, I_Price)
	values ('11112','000001','2023-11-30',9,177.5)
	Insert Into Import_Information(I_Category_Code, I_Supplier_Code, I_Date, I_Quantity, I_Price)
	values ('11122','000003','2020-08-31',8,230.0)
	Insert Into Import_Information(I_Category_Code, I_Supplier_Code, I_Date, I_Quantity, I_Price)
	values ('11118','000005','2023-12-02',10,217.25)
	go
	
-- BOLT
	Insert Into Bolt(B_Code, B_Category_Code, B_Length) values ('4000001','11111',100.0)
	Insert Into Bolt(B_Code, B_Category_Code, B_Length) values ('4000002','11111',100.0)
	Insert Into Bolt(B_Code, B_Category_Code, B_Length) values ('4000003','11111',90.0)
	Insert Into Bolt(B_Code, B_Category_Code, B_Length) values ('4000004','11111',100.0)
	Insert Into Bolt(B_Code, B_Category_Code, B_Length) values ('4000005','11111',95.0)
	Insert Into Bolt(B_Code, B_Category_Code, B_Length) values ('4000006','11111',100.0)
	Insert Into Bolt(B_Code, B_Category_Code, B_Length) values ('4000007','11111',100.0)
	Insert Into Bolt(B_Code, B_Category_Code, B_Length) values ('4000008','11111',102.0)
	Insert Into Bolt(B_Code, B_Category_Code, B_Length) values ('4000009','11111',100.0)
	Insert Into Bolt(B_Code, B_Category_Code, B_Length) values ('4000010','11111',97.5)
	Insert Into Bolt(B_Code, B_Category_Code, B_Length) values ('4000011','11111',100.0)
	Insert Into Bolt(B_Code, B_Category_Code, B_Length) values ('4000012','11111',97.5)
	Insert Into Bolt(B_Code, B_Category_Code, B_Length) values ('4000013','11111',100.0)
	Insert Into Bolt(B_Code, B_Category_Code, B_Length) values ('4000014','11111',100.0)
	Insert Into Bolt(B_Code, B_Category_Code, B_Length) values ('4000015','11111',95.0)
	Insert Into Bolt(B_Code, B_Category_Code, B_Length) values ('4000016','11111',100.0)
	Insert Into Bolt(B_Code, B_Category_Code, B_Length) values ('4000017','11111',88.0)
	Insert Into Bolt(B_Code, B_Category_Code, B_Length) values ('4000018','11111',100.0)
	Insert Into Bolt(B_Code, B_Category_Code, B_Length) values ('4000019','11111',102.0)
	Insert Into Bolt(B_Code, B_Category_Code, B_Length) values ('4000020','11111',100.0)

	Insert Into Bolt(B_Code, B_Category_Code, B_Length) values ('4000001','11112',150.0)
	Insert Into Bolt(B_Code, B_Category_Code, B_Length) values ('4000002','11112',135.0)
	Insert Into Bolt(B_Code, B_Category_Code, B_Length) values ('4000003','11112',142.5)
	Insert Into Bolt(B_Code, B_Category_Code, B_Length) values ('4000004','11112',150.0)
	Insert Into Bolt(B_Code, B_Category_Code, B_Length) values ('4000005','11112',155.0)
	Insert Into Bolt(B_Code, B_Category_Code, B_Length) values ('4000006','11112',142.0)
	Insert Into Bolt(B_Code, B_Category_Code, B_Length) values ('4000007','11112',137.0)
	Insert Into Bolt(B_Code, B_Category_Code, B_Length) values ('4000008','11112',155.0)
	Insert Into Bolt(B_Code, B_Category_Code, B_Length) values ('4000009','11112',146.0)
	Insert Into Bolt(B_Code, B_Category_Code, B_Length) values ('4000010','11112',146.0)
	Insert Into Bolt(B_Code, B_Category_Code, B_Length) values ('4000011','11112',150.0)
	Insert Into Bolt(B_Code, B_Category_Code, B_Length) values ('4000012','11112',135.0)
	Insert Into Bolt(B_Code, B_Category_Code, B_Length) values ('4000013','11112',142.5)
	Insert Into Bolt(B_Code, B_Category_Code, B_Length) values ('4000014','11112',152.0)
	Insert Into Bolt(B_Code, B_Category_Code, B_Length) values ('4000015','11112',150.0)
	Insert Into Bolt(B_Code, B_Category_Code, B_Length) values ('4000016','11112',100.0)
	Insert Into Bolt(B_Code, B_Category_Code, B_Length) values ('4000017','11112',100.5)
	Insert Into Bolt(B_Code, B_Category_Code, B_Length) values ('4000018','11112',120.0)
	Insert Into Bolt(B_Code, B_Category_Code, B_Length) values ('4000019','11112',107.0)
	Insert Into Bolt(B_Code, B_Category_Code, B_Length) values ('4000020','11112',110.0)
	Insert Into Bolt(B_Code, B_Category_Code, B_Length) values ('4000021','11112',125.0)
	Insert Into Bolt(B_Code, B_Category_Code, B_Length) values ('4000022','11112',170.0)
	Insert Into Bolt(B_Code, B_Category_Code, B_Length) values ('4000023','11112',157.0)
	Insert Into Bolt(B_Code, B_Category_Code, B_Length) values ('4000024','11112',105.0)

	Insert Into Bolt(B_Code, B_Category_Code, B_Length) values ('4000001','11113',125.0)
	Insert Into Bolt(B_Code, B_Category_Code, B_Length) values ('4000002','11113',122.5)
	Insert Into Bolt(B_Code, B_Category_Code, B_Length) values ('4000003','11113',127.0)
	Insert Into Bolt(B_Code, B_Category_Code, B_Length) values ('4000004','11113',130.0)
	Insert Into Bolt(B_Code, B_Category_Code, B_Length) values ('4000005','11113',128.3)
	Insert Into Bolt(B_Code, B_Category_Code, B_Length) values ('4000006','11113',120.0)
	Insert Into Bolt(B_Code, B_Category_Code, B_Length) values ('4000007','11113',125.0)
	Insert Into Bolt(B_Code, B_Category_Code, B_Length) values ('4000008','11113',127.0)
	Insert Into Bolt(B_Code, B_Category_Code, B_Length) values ('4000009','11113',125.0)
	Insert Into Bolt(B_Code, B_Category_Code, B_Length) values ('4000010','11113',122.0)
	Insert Into Bolt(B_Code, B_Category_Code, B_Length) values ('4000011','11113',130.0)
	Insert Into Bolt(B_Code, B_Category_Code, B_Length) values ('4000012','11113',128.0)
	Insert Into Bolt(B_Code, B_Category_Code, B_Length) values ('4000013','11113',112.0)
	Insert Into Bolt(B_Code, B_Category_Code, B_Length) values ('4000014','11113',190.0)
	Insert Into Bolt(B_Code, B_Category_Code, B_Length) values ('4000015','11113',176.0)
	Insert Into Bolt(B_Code, B_Category_Code, B_Length) values ('4000016','11113',132.0)
	Insert Into Bolt(B_Code, B_Category_Code, B_Length) values ('4000017','11113',123.0)
	Insert Into Bolt(B_Code, B_Category_Code, B_Length) values ('4000018','11113',103.0)
	Insert Into Bolt(B_Code, B_Category_Code, B_Length) values ('4000019','11113',111.0)
	Insert Into Bolt(B_Code, B_Category_Code, B_Length) values ('4000020','11113',165.0)
	Insert Into Bolt(B_Code, B_Category_Code, B_Length) values ('4000021','11113',126.0)
	Insert Into Bolt(B_Code, B_Category_Code, B_Length) values ('4000022','11113',185.0)
	Insert Into Bolt(B_Code, B_Category_Code, B_Length) values ('4000023','11113',100.0)
	Insert Into Bolt(B_Code, B_Category_Code, B_Length) values ('4000024','11113',109.0)

	Insert Into Bolt(B_Code, B_Category_Code, B_Length) values ('4000001','11114',175.0)
	Insert Into Bolt(B_Code, B_Category_Code, B_Length) values ('4000002','11114',174.0)
	Insert Into Bolt(B_Code, B_Category_Code, B_Length) values ('4000003','11114',175.0)
	Insert Into Bolt(B_Code, B_Category_Code, B_Length) values ('4000004','11114',177.25)
	Insert Into Bolt(B_Code, B_Category_Code, B_Length) values ('4000005','11114',178.0)
	Insert Into Bolt(B_Code, B_Category_Code, B_Length) values ('4000006','11114',175.0)
	Insert Into Bolt(B_Code, B_Category_Code, B_Length) values ('4000007','11114',172.5)
	Insert Into Bolt(B_Code, B_Category_Code, B_Length) values ('4000008','11114',178.3)
	Insert Into Bolt(B_Code, B_Category_Code, B_Length) values ('4000009','11114',177.0)
	Insert Into Bolt(B_Code, B_Category_Code, B_Length) values ('4000010','11114',176.0)
	Insert Into Bolt(B_Code, B_Category_Code, B_Length) values ('4000011','11114',173.0)
	Insert Into Bolt(B_Code, B_Category_Code, B_Length) values ('4000012','11114',174.4)
	Insert Into Bolt(B_Code, B_Category_Code, B_Length) values ('4000013','11114',175.5)
	Insert Into Bolt(B_Code, B_Category_Code, B_Length) values ('4000014','11114',178.0)
	Insert Into Bolt(B_Code, B_Category_Code, B_Length) values ('4000015','11114',177.0)
	Insert Into Bolt(B_Code, B_Category_Code, B_Length) values ('4000016','11114',172.0)
	Insert Into Bolt(B_Code, B_Category_Code, B_Length) values ('4000017','11114',170.0)
	Insert Into Bolt(B_Code, B_Category_Code, B_Length) values ('4000018','11114',180.3)
	Insert Into Bolt(B_Code, B_Category_Code, B_Length) values ('4000019','11114',175.0)
	Insert Into Bolt(B_Code, B_Category_Code, B_Length) values ('4000020','11114',175.5)

	Insert Into Bolt(B_Code, B_Category_Code, B_Length) values ('4000001','11115',120.0)
	Insert Into Bolt(B_Code, B_Category_Code, B_Length) values ('4000002','11115',116.0)
	Insert Into Bolt(B_Code, B_Category_Code, B_Length) values ('4000003','11115',123.0)
	Insert Into Bolt(B_Code, B_Category_Code, B_Length) values ('4000004','11115',117.5)
	Insert Into Bolt(B_Code, B_Category_Code, B_Length) values ('4000005','11115',120.0)
	Insert Into Bolt(B_Code, B_Category_Code, B_Length) values ('4000006','11115',121.4)
	Insert Into Bolt(B_Code, B_Category_Code, B_Length) values ('4000007','11115',122.0)
	Insert Into Bolt(B_Code, B_Category_Code, B_Length) values ('4000008','11115',125.0)
	Insert Into Bolt(B_Code, B_Category_Code, B_Length) values ('4000009','11115',130.0)
	Insert Into Bolt(B_Code, B_Category_Code, B_Length) values ('4000010','11115',105.0)
	Insert Into Bolt(B_Code, B_Category_Code, B_Length) values ('4000011','11115',107.5)
	Insert Into Bolt(B_Code, B_Category_Code, B_Length) values ('4000012','11115',120.0)
	Insert Into Bolt(B_Code, B_Category_Code, B_Length) values ('4000013','11115',120.3)
	Insert Into Bolt(B_Code, B_Category_Code, B_Length) values ('4000014','11115',115.0)
	Insert Into Bolt(B_Code, B_Category_Code, B_Length) values ('4000015','11115',124.0)
	Insert Into Bolt(B_Code, B_Category_Code, B_Length) values ('4000016','11115',125.0)
	Insert Into Bolt(B_Code, B_Category_Code, B_Length) values ('4000017','11115',127.0)
	Insert Into Bolt(B_Code, B_Category_Code, B_Length) values ('4000018','11115',121.4)
	Insert Into Bolt(B_Code, B_Category_Code, B_Length) values ('4000019','11115',121.7)
	Insert Into Bolt(B_Code, B_Category_Code, B_Length) values ('4000020','11115',120.0)
	Insert Into Bolt(B_Code, B_Category_Code, B_Length) values ('4000021','11115',125.0)
	Insert Into Bolt(B_Code, B_Category_Code, B_Length) values ('4000022','11115',115.0)
	Insert Into Bolt(B_Code, B_Category_Code, B_Length) values ('4000023','11115',127.0)
	Insert Into Bolt(B_Code, B_Category_Code, B_Length) values ('4000024','11115',117.0)
	Insert Into Bolt(B_Code, B_Category_Code, B_Length) values ('4000025','11115',119.0)

	Insert Into Bolt(B_Code, B_Category_Code, B_Length) values ('4000001','11116',160.0)
	Insert Into Bolt(B_Code, B_Category_Code, B_Length) values ('4000002','11116',161.0)
	Insert Into Bolt(B_Code, B_Category_Code, B_Length) values ('4000003','11116',150.0)
	Insert Into Bolt(B_Code, B_Category_Code, B_Length) values ('4000004','11116',167.5)
	Insert Into Bolt(B_Code, B_Category_Code, B_Length) values ('4000005','11116',161.25)
	Insert Into Bolt(B_Code, B_Category_Code, B_Length) values ('4000006','11116',155.0)
	Insert Into Bolt(B_Code, B_Category_Code, B_Length) values ('4000007','11116',158.0)
	Insert Into Bolt(B_Code, B_Category_Code, B_Length) values ('4000008','11116',162.5)
	Insert Into Bolt(B_Code, B_Category_Code, B_Length) values ('4000009','11116',162.0)
	Insert Into Bolt(B_Code, B_Category_Code, B_Length) values ('4000010','11116',160.0)
	Insert Into Bolt(B_Code, B_Category_Code, B_Length) values ('4000011','11116',161.0)
	Insert Into Bolt(B_Code, B_Category_Code, B_Length) values ('4000012','11116',170.0)
	Insert Into Bolt(B_Code, B_Category_Code, B_Length) values ('4000013','11116',155.0)
	Insert Into Bolt(B_Code, B_Category_Code, B_Length) values ('4000014','11116',145.0)
	Insert Into Bolt(B_Code, B_Category_Code, B_Length) values ('4000015','11116',175.0)
	Insert Into Bolt(B_Code, B_Category_Code, B_Length) values ('4000016','11116',136.0)
	Insert Into Bolt(B_Code, B_Category_Code, B_Length) values ('4000017','11116',186.0)
	Insert Into Bolt(B_Code, B_Category_Code, B_Length) values ('4000018','11116',190.0)
	Insert Into Bolt(B_Code, B_Category_Code, B_Length) values ('4000019','11116',123.0)
	Insert Into Bolt(B_Code, B_Category_Code, B_Length) values ('4000020','11116',130.0)
	Insert Into Bolt(B_Code, B_Category_Code, B_Length) values ('4000021','11116',123.0)
	Insert Into Bolt(B_Code, B_Category_Code, B_Length) values ('4000022','11116',102.0)
	Insert Into Bolt(B_Code, B_Category_Code, B_Length) values ('4000023','11116',134.0)
	Insert Into Bolt(B_Code, B_Category_Code, B_Length) values ('4000024','11116',135.0)
	Insert Into Bolt(B_Code, B_Category_Code, B_Length) values ('4000025','11116',134.0)
	Insert Into Bolt(B_Code, B_Category_Code, B_Length) values ('4000026','11116',156.0)
	Insert Into Bolt(B_Code, B_Category_Code, B_Length) values ('4000027','11116',137.0)
	Insert Into Bolt(B_Code, B_Category_Code, B_Length) values ('4000028','11116',120.0)

	Insert Into Bolt(B_Code, B_Category_Code, B_Length) values ('4000001','11117',200.0)
	Insert Into Bolt(B_Code, B_Category_Code, B_Length) values ('4000002','11117',190.0)
	Insert Into Bolt(B_Code, B_Category_Code, B_Length) values ('4000003','11117',180.0)
	Insert Into Bolt(B_Code, B_Category_Code, B_Length) values ('4000004','11117',185.0)
	Insert Into Bolt(B_Code, B_Category_Code, B_Length) values ('4000005','11117',177.5)
	Insert Into Bolt(B_Code, B_Category_Code, B_Length) values ('4000006','11117',187.0)
	Insert Into Bolt(B_Code, B_Category_Code, B_Length) values ('4000007','11117',193.2)
	Insert Into Bolt(B_Code, B_Category_Code, B_Length) values ('4000008','11117',200.0)
	Insert Into Bolt(B_Code, B_Category_Code, B_Length) values ('4000009','11117',190.0)
	Insert Into Bolt(B_Code, B_Category_Code, B_Length) values ('4000010','11117',160.0)
	Insert Into Bolt(B_Code, B_Category_Code, B_Length) values ('4000011','11117',177.0)
	Insert Into Bolt(B_Code, B_Category_Code, B_Length) values ('4000012','11117',182.0)
	Insert Into Bolt(B_Code, B_Category_Code, B_Length) values ('4000013','11117',180.0)
	Insert Into Bolt(B_Code, B_Category_Code, B_Length) values ('4000014','11117',190.0)
	Insert Into Bolt(B_Code, B_Category_Code, B_Length) values ('4000015','11117',192.0)
	Insert Into Bolt(B_Code, B_Category_Code, B_Length) values ('4000016','11117',195.0)
	Insert Into Bolt(B_Code, B_Category_Code, B_Length) values ('4000017','11117',199.0)
	Insert Into Bolt(B_Code, B_Category_Code, B_Length) values ('4000018','11117',200.0)
	Insert Into Bolt(B_Code, B_Category_Code, B_Length) values ('4000019','11117',110.0)
	Insert Into Bolt(B_Code, B_Category_Code, B_Length) values ('4000020','11117',142.0)
	Insert Into Bolt(B_Code, B_Category_Code, B_Length) values ('4000021','11117',163.0)
	Insert Into Bolt(B_Code, B_Category_Code, B_Length) values ('4000022','11117',127.0)
	Insert Into Bolt(B_Code, B_Category_Code, B_Length) values ('4000023','11117',107.0)
	Insert Into Bolt(B_Code, B_Category_Code, B_Length) values ('4000024','11117',129.0)
	Insert Into Bolt(B_Code, B_Category_Code, B_Length) values ('4000025','11117',174.0)
	Insert Into Bolt(B_Code, B_Category_Code, B_Length) values ('4000026','11117',139.0)
	Insert Into Bolt(B_Code, B_Category_Code, B_Length) values ('4000027','11117',177.0)
	Insert Into Bolt(B_Code, B_Category_Code, B_Length) values ('4000028','11117',188.0)
	Insert Into Bolt(B_Code, B_Category_Code, B_Length) values ('4000029','11117',120.0)

	Insert Into Bolt(B_Code, B_Category_Code, B_Length) values ('4000001','11118',180.0)
	Insert Into Bolt(B_Code, B_Category_Code, B_Length) values ('4000002','11118',187.0)
	Insert Into Bolt(B_Code, B_Category_Code, B_Length) values ('4000003','11118',189.0)
	Insert Into Bolt(B_Code, B_Category_Code, B_Length) values ('4000004','11118',190.0)
	Insert Into Bolt(B_Code, B_Category_Code, B_Length) values ('4000005','11118',170.0)
	Insert Into Bolt(B_Code, B_Category_Code, B_Length) values ('4000006','11118',177.5)
	Insert Into Bolt(B_Code, B_Category_Code, B_Length) values ('4000007','11118',180.0)
	Insert Into Bolt(B_Code, B_Category_Code, B_Length) values ('4000008','11118',180.0)
	Insert Into Bolt(B_Code, B_Category_Code, B_Length) values ('4000009','11118',190.0)
	Insert Into Bolt(B_Code, B_Category_Code, B_Length) values ('4000010','11118',187.0)
	Insert Into Bolt(B_Code, B_Category_Code, B_Length) values ('4000011','11118',188.0)
	Insert Into Bolt(B_Code, B_Category_Code, B_Length) values ('4000012','11118',187.0)
	Insert Into Bolt(B_Code, B_Category_Code, B_Length) values ('4000013','11118',182.5)
	Insert Into Bolt(B_Code, B_Category_Code, B_Length) values ('4000014','11118',175.0)
	Insert Into Bolt(B_Code, B_Category_Code, B_Length) values ('4000015','11118',183.0)
	Insert Into Bolt(B_Code, B_Category_Code, B_Length) values ('4000016','11118',180.0)
	Insert Into Bolt(B_Code, B_Category_Code, B_Length) values ('4000017','11118',153.0)
	Insert Into Bolt(B_Code, B_Category_Code, B_Length) values ('4000018','11118',166.0)
	Insert Into Bolt(B_Code, B_Category_Code, B_Length) values ('4000019','11118',129.0)
	Insert Into Bolt(B_Code, B_Category_Code, B_Length) values ('4000020','11118',102.0)
	Insert Into Bolt(B_Code, B_Category_Code, B_Length) values ('4000021','11118',119.0)
	Insert Into Bolt(B_Code, B_Category_Code, B_Length) values ('4000022','11118',125.0)
	Insert Into Bolt(B_Code, B_Category_Code, B_Length) values ('4000023','11118',175.0)
	Insert Into Bolt(B_Code, B_Category_Code, B_Length) values ('4000024','11118',135.0)
	Insert Into Bolt(B_Code, B_Category_Code, B_Length) values ('4000025','11118',168.0)
	Insert Into Bolt(B_Code, B_Category_Code, B_Length) values ('4000026','11118',197.0)

	Insert Into Bolt(B_Code, B_Category_Code, B_Length) values ('4000001','11119',123.0)
	Insert Into Bolt(B_Code, B_Category_Code, B_Length) values ('4000002','11119',124.0)
	Insert Into Bolt(B_Code, B_Category_Code, B_Length) values ('4000003','11119',164.0)
	Insert Into Bolt(B_Code, B_Category_Code, B_Length) values ('4000004','11119',124.0)
	Insert Into Bolt(B_Code, B_Category_Code, B_Length) values ('4000005','11119',164.0)
	Insert Into Bolt(B_Code, B_Category_Code, B_Length) values ('4000006','11119',186.0)
	Insert Into Bolt(B_Code, B_Category_Code, B_Length) values ('4000007','11119',127.0)
	Insert Into Bolt(B_Code, B_Category_Code, B_Length) values ('4000008','11119',100.0)
	Insert Into Bolt(B_Code, B_Category_Code, B_Length) values ('4000009','11119',129.0)
	Insert Into Bolt(B_Code, B_Category_Code, B_Length) values ('4000010','11119',136.0)
	Insert Into Bolt(B_Code, B_Category_Code, B_Length) values ('4000011','11119',191.0)
	Insert Into Bolt(B_Code, B_Category_Code, B_Length) values ('4000012','11119',125.0)
	Insert Into Bolt(B_Code, B_Category_Code, B_Length) values ('4000013','11119',193.0)
	Insert Into Bolt(B_Code, B_Category_Code, B_Length) values ('4000014','11119',185.0)
	Insert Into Bolt(B_Code, B_Category_Code, B_Length) values ('4000015','11119',102.0)
	Insert Into Bolt(B_Code, B_Category_Code, B_Length) values ('4000016','11119',175.0)
	Insert Into Bolt(B_Code, B_Category_Code, B_Length) values ('4000017','11119',108.0)
	Insert Into Bolt(B_Code, B_Category_Code, B_Length) values ('4000018','11119',123.0)
	Insert Into Bolt(B_Code, B_Category_Code, B_Length) values ('4000019','11119',111.0)
	Insert Into Bolt(B_Code, B_Category_Code, B_Length) values ('4000020','11119',174.0)
	Insert Into Bolt(B_Code, B_Category_Code, B_Length) values ('4000021','11119',186.0)

	Insert Into Bolt(B_Code, B_Category_Code, B_Length) values ('4000001','11120',105.0)
	Insert Into Bolt(B_Code, B_Category_Code, B_Length) values ('4000002','11120',122.0)
	Insert Into Bolt(B_Code, B_Category_Code, B_Length) values ('4000003','11120',165.0)
	Insert Into Bolt(B_Code, B_Category_Code, B_Length) values ('4000004','11120',178.0)
	Insert Into Bolt(B_Code, B_Category_Code, B_Length) values ('4000005','11120',106.0)
	Insert Into Bolt(B_Code, B_Category_Code, B_Length) values ('4000006','11120',124.0)
	Insert Into Bolt(B_Code, B_Category_Code, B_Length) values ('4000007','11120',164.0)
	Insert Into Bolt(B_Code, B_Category_Code, B_Length) values ('4000008','11120',105.0)
	Insert Into Bolt(B_Code, B_Category_Code, B_Length) values ('4000009','11120',134.0)
	Insert Into Bolt(B_Code, B_Category_Code, B_Length) values ('4000010','11120',113.0)
	Insert Into Bolt(B_Code, B_Category_Code, B_Length) values ('4000011','11120',114.0)
	Insert Into Bolt(B_Code, B_Category_Code, B_Length) values ('4000012','11120',129.0)
	Insert Into Bolt(B_Code, B_Category_Code, B_Length) values ('4000013','11120',182.0)
	Insert Into Bolt(B_Code, B_Category_Code, B_Length) values ('4000014','11120',148.0)
	Insert Into Bolt(B_Code, B_Category_Code, B_Length) values ('4000015','11120',170.0)

	Insert Into Bolt(B_Code, B_Category_Code, B_Length) values ('4000001','11121',124.0)
	Insert Into Bolt(B_Code, B_Category_Code, B_Length) values ('4000002','11121',154.0)
	Insert Into Bolt(B_Code, B_Category_Code, B_Length) values ('4000003','11121',117.0)
	Insert Into Bolt(B_Code, B_Category_Code, B_Length) values ('4000004','11121',195.0)
	Insert Into Bolt(B_Code, B_Category_Code, B_Length) values ('4000005','11121',120.0)
	Insert Into Bolt(B_Code, B_Category_Code, B_Length) values ('4000006','11121',163.0)
	Insert Into Bolt(B_Code, B_Category_Code, B_Length) values ('4000007','11121',110.0)
	Insert Into Bolt(B_Code, B_Category_Code, B_Length) values ('4000008','11121',104.0)
	Insert Into Bolt(B_Code, B_Category_Code, B_Length) values ('4000009','11121',126.0)
	Insert Into Bolt(B_Code, B_Category_Code, B_Length) values ('4000010','11121',114.0)
	Insert Into Bolt(B_Code, B_Category_Code, B_Length) values ('4000011','11121',173.0)
	Insert Into Bolt(B_Code, B_Category_Code, B_Length) values ('4000012','11121',175.0)
	Insert Into Bolt(B_Code, B_Category_Code, B_Length) values ('4000013','11121',176.0)
	Insert Into Bolt(B_Code, B_Category_Code, B_Length) values ('4000014','11121',176.0)
	Insert Into Bolt(B_Code, B_Category_Code, B_Length) values ('4000015','11121',113.0)
	Insert Into Bolt(B_Code, B_Category_Code, B_Length) values ('4000016','11121',148.0)
	Insert Into Bolt(B_Code, B_Category_Code, B_Length) values ('4000017','11121',176.0)
	Insert Into Bolt(B_Code, B_Category_Code, B_Length) values ('4000018','11121',173.0)
	Insert Into Bolt(B_Code, B_Category_Code, B_Length) values ('4000019','11121',126.0)
	Insert Into Bolt(B_Code, B_Category_Code, B_Length) values ('4000020','11121',117.0)
	Insert Into Bolt(B_Code, B_Category_Code, B_Length) values ('4000021','11121',185.0)
	Insert Into Bolt(B_Code, B_Category_Code, B_Length) values ('4000022','11121',108.0)
	Insert Into Bolt(B_Code, B_Category_Code, B_Length) values ('4000023','11121',147.0)
	Insert Into Bolt(B_Code, B_Category_Code, B_Length) values ('4000024','11121',197.0)
	Insert Into Bolt(B_Code, B_Category_Code, B_Length) values ('4000025','11121',107.0)
	Insert Into Bolt(B_Code, B_Category_Code, B_Length) values ('4000026','11121',148.0)
	Insert Into Bolt(B_Code, B_Category_Code, B_Length) values ('4000027','11121',127.0)
	Insert Into Bolt(B_Code, B_Category_Code, B_Length) values ('4000028','11121',185.0)

	Insert Into Bolt(B_Code, B_Category_Code, B_Length) values ('4000001','11122',170.0)
	Insert Into Bolt(B_Code, B_Category_Code, B_Length) values ('4000002','11122',170.0)
	Insert Into Bolt(B_Code, B_Category_Code, B_Length) values ('4000003','11122',170.0)
	Insert Into Bolt(B_Code, B_Category_Code, B_Length) values ('4000004','11122',170.0)
	Insert Into Bolt(B_Code, B_Category_Code, B_Length) values ('4000005','11122',170.0)
	Insert Into Bolt(B_Code, B_Category_Code, B_Length) values ('4000006','11122',170.0)
	Insert Into Bolt(B_Code, B_Category_Code, B_Length) values ('4000007','11122',170.0)
	Insert Into Bolt(B_Code, B_Category_Code, B_Length) values ('4000008','11122',170.0)
	Insert Into Bolt(B_Code, B_Category_Code, B_Length) values ('4000009','11122',170.0)
	Insert Into Bolt(B_Code, B_Category_Code, B_Length) values ('4000010','11122',170.0)
	Insert Into Bolt(B_Code, B_Category_Code, B_Length) values ('4000011','11122',170.0)
	Insert Into Bolt(B_Code, B_Category_Code, B_Length) values ('4000012','11122',170.0)
	Insert Into Bolt(B_Code, B_Category_Code, B_Length) values ('4000013','11122',170.0)
	Insert Into Bolt(B_Code, B_Category_Code, B_Length) values ('4000014','11122',170.0)
	Insert Into Bolt(B_Code, B_Category_Code, B_Length) values ('4000015','11122',170.0)
	Insert Into Bolt(B_Code, B_Category_Code, B_Length) values ('4000016','11122',170.0)
	Insert Into Bolt(B_Code, B_Category_Code, B_Length) values ('4000017','11122',170.0)
	Insert Into Bolt(B_Code, B_Category_Code, B_Length) values ('4000018','11122',170.0)
	Insert Into Bolt(B_Code, B_Category_Code, B_Length) values ('4000019','11122',170.0)
	Insert Into Bolt(B_Code, B_Category_Code, B_Length) values ('4000020','11122',170.0)
	Insert Into Bolt(B_Code, B_Category_Code, B_Length) values ('4000021','11122',170.0)
	Insert Into Bolt(B_Code, B_Category_Code, B_Length) values ('4000022','11122',170.0)
	Insert Into Bolt(B_Code, B_Category_Code, B_Length) values ('4000023','11122',170.0)
	Insert Into Bolt(B_Code, B_Category_Code, B_Length) values ('4000024','11122',170.0)
	Insert Into Bolt(B_Code, B_Category_Code, B_Length) values ('4000025','11122',170.0)
	go

-- FABRIC CATEGORY PRICE
	Insert Into Fabric_Category_Price(FCP_Category_Code, FCP_Date, FCP_Price)
	values ('11111','2022-11-01',250.0)
	Insert Into Fabric_Category_Price(FCP_Category_Code, FCP_Date, FCP_Price)
	values ('11111','2023-04-01',220.0)
	Insert Into Fabric_Category_Price(FCP_Category_Code, FCP_Date, FCP_Price)
	values ('11112','2022-03-01',300.0)
	Insert Into Fabric_Category_Price(FCP_Category_Code, FCP_Date, FCP_Price)
	values ('11112','2022-07-01',275.0)
	Insert Into Fabric_Category_Price(FCP_Category_Code, FCP_Date, FCP_Price)
	values ('11112','2022-12-01',260.0)
	Insert Into Fabric_Category_Price(FCP_Category_Code, FCP_Date, FCP_Price)
	values ('11113','2022-09-01',230.0)
	Insert Into Fabric_Category_Price(FCP_Category_Code, FCP_Date, FCP_Price)
	values ('11114','2022-01-01',250.0)
	Insert Into Fabric_Category_Price(FCP_Category_Code, FCP_Date, FCP_Price)
	values ('11114','2023-01-01',245.0)
	Insert Into Fabric_Category_Price(FCP_Category_Code, FCP_Date, FCP_Price)
	values ('11115','2020-01-01',300.0)
	Insert Into Fabric_Category_Price(FCP_Category_Code, FCP_Date, FCP_Price)
	values ('11116','2021-05-01',270.0)
	Insert Into Fabric_Category_Price(FCP_Category_Code, FCP_Date, FCP_Price)
	values ('11116','2023-07-01',250.0)
	Insert Into Fabric_Category_Price(FCP_Category_Code, FCP_Date, FCP_Price)
	values ('11117','2020-06-01',350.0)
	Insert Into Fabric_Category_Price(FCP_Category_Code, FCP_Date, FCP_Price)
	values ('11118','2020-12-01',350.0)
	Insert Into Fabric_Category_Price(FCP_Category_Code, FCP_Date, FCP_Price)
	values ('11118','2022-02-01',325.0)
	Insert Into Fabric_Category_Price(FCP_Category_Code, FCP_Date, FCP_Price)
	values ('11119','2021-08-01',240.0)
	Insert Into Fabric_Category_Price(FCP_Category_Code, FCP_Date, FCP_Price)
	values ('11120','2019-12-01',300.0)
	Insert Into Fabric_Category_Price(FCP_Category_Code, FCP_Date, FCP_Price)
	values ('11121','2020-02-01',325.0)
	Insert Into Fabric_Category_Price(FCP_Category_Code, FCP_Date, FCP_Price)
	values ('11122','2020-03-01',290.0)
	Insert Into Fabric_Category_Price(FCP_Category_Code, FCP_Date, FCP_Price)
	values ('11120','2023-12-01',310.0)
	go
	
-- TABLES RELATED TO ORDER
-- Order 1
	Insert Into Order_Customer(O_Code, O_Customer_Code, O_Ostaff_code)
	values ('3000000001','22222221','1001')

	Insert Into Order_Status(OS_Code, OS_Date, OS_Time, OS_Status, OS_Ostaff_code)
	values ('3000000001','2020-07-09','16:30:25','New','1001')

	Insert Into Order_Bolt(OB_Bolt_Code, OB_Category_Code, OB_Order_Code)
	values ('4000001','11115','3000000001')
	Insert Into Order_Bolt(OB_Bolt_Code, OB_Category_Code, OB_Order_Code)
	values ('4000002','11115','3000000001')
	Insert Into Order_Bolt(OB_Bolt_Code, OB_Category_Code, OB_Order_Code)
	values ('4000003','11115','3000000001')
	Insert Into Order_Bolt(OB_Bolt_Code, OB_Category_Code, OB_Order_Code)
	values ('4000004','11115','3000000001')
	Insert Into Order_Bolt(OB_Bolt_Code, OB_Category_Code, OB_Order_Code)
	values ('4000005','11115','3000000001')
	Insert Into Order_Bolt(OB_Bolt_Code, OB_Category_Code, OB_Order_Code)
	values ('4000001','11117','3000000001')
	Insert Into Order_Bolt(OB_Bolt_Code, OB_Category_Code, OB_Order_Code)
	values ('4000002','11117','3000000001')

	Insert Into Order_Status(OS_Code, OS_Date, OS_Time, OS_Status, OS_Ostaff_code)
	values ('3000000001','2020-07-12','09:14:37','Ordered','1001')

	Insert Into Order_Payment(OP_Order_Code, OP_Amount, OP_Date, OP_Time, OP_Customer_Code)
	values ('3000000001',700.0,'2020-07-12','09:21:12','22222221')
	Insert Into Order_Payment(OP_Order_Code, OP_Amount, OP_Date, OP_Time, OP_Customer_Code)
	values ('3000000001',1500.0,'2020-08-02','11:10:08','22222221')
	go

-- Order 2
	Insert Into Order_Customer(O_Code, O_Customer_Code, O_Ostaff_code)
	values ('3000000002','22222223','1002')

	Insert Into Order_Status(OS_Code, OS_Date, OS_Time, OS_Status, OS_Ostaff_code)
	values ('3000000002','2021-01-24','10:28:01','New','1002')

	Insert Into Order_Bolt(OB_Bolt_Code, OB_Category_Code, OB_Order_Code)
	values ('4000001','11118','3000000002')
	Insert Into Order_Bolt(OB_Bolt_Code, OB_Category_Code, OB_Order_Code)
	values ('4000002','11118','3000000002')
	Insert Into Order_Bolt(OB_Bolt_Code, OB_Category_Code, OB_Order_Code)
	values ('4000003','11117','3000000002')
	Insert Into Order_Bolt(OB_Bolt_Code, OB_Category_Code, OB_Order_Code)
	values ('4000004','11117','3000000002')

	Insert Into Order_Status(OS_Code, OS_Date, OS_Time, OS_Status, OS_Cancel_Reason)
	values ('3000000002','2021-01-24','17:59:58','Cancelled','Customer cancels the order')
	go

-- Order 3
	Insert Into Order_Customer(O_Code, O_Customer_Code, O_Ostaff_code)
	values ('3000000003','22222223','1001')

	Insert Into Order_Status(OS_Code, OS_Date, OS_Time, OS_Status, OS_Ostaff_code)
	values ('3000000003','2021-06-30','21:18:03','New','1002')

	Insert Into Order_Bolt(OB_Bolt_Code, OB_Category_Code, OB_Order_Code)
	values ('4000001','11116','3000000003')
	Insert Into Order_Bolt(OB_Bolt_Code, OB_Category_Code, OB_Order_Code)
	values ('4000002','11116','3000000003')
	Insert Into Order_Bolt(OB_Bolt_Code, OB_Category_Code, OB_Order_Code)
	values ('4000003','11117','3000000003')
	Insert Into Order_Bolt(OB_Bolt_Code, OB_Category_Code, OB_Order_Code)
	values ('4000004','11117','3000000003')
	Insert Into Order_Bolt(OB_Bolt_Code, OB_Category_Code, OB_Order_Code)
	values ('4000001','11118','3000000003')

	Insert Into Order_Status(OS_Code, OS_Date, OS_Time, OS_Status, OS_Ostaff_code)
	values ('3000000003','2021-07-02','15:20:20','Ordered','1001')

	Insert Into Order_Payment(OP_Order_Code, OP_Amount, OP_Date, OP_Time, OP_Customer_Code)
	values ('3000000003',1500.0,'2021-07-03','07:20:15','22222223')
	Insert Into Order_Payment(OP_Order_Code, OP_Amount, OP_Date, OP_Time, OP_Customer_Code)
	values ('3000000003',90.0,'2023-01-01','00:00:00','22222223')
	go

-- Order 4
	Insert Into Order_Customer(O_Code, O_Customer_Code, O_Ostaff_code)
	values ('3000000004','22222224','1001')

	Insert Into Order_Status(OS_Code, OS_Date, OS_Time, OS_Status, OS_Ostaff_code)
	values ('3000000004','2022-01-02','06:57:18','New','1001')

	Insert Into Order_Bolt(OB_Bolt_Code, OB_Category_Code, OB_Order_Code)
	values ('4000001','11114','3000000004')
	Insert Into Order_Bolt(OB_Bolt_Code, OB_Category_Code, OB_Order_Code)
	values ('4000002','11114','3000000004')
	Insert Into Order_Bolt(OB_Bolt_Code, OB_Category_Code, OB_Order_Code)
	values ('4000003','11114','3000000004')
	Insert Into Order_Bolt(OB_Bolt_Code, OB_Category_Code, OB_Order_Code)
	values ('4000004','11114','3000000004')
	Insert Into Order_Bolt(OB_Bolt_Code, OB_Category_Code, OB_Order_Code)
	values ('4000006','11115','3000000004')
	Insert Into Order_Bolt(OB_Bolt_Code, OB_Category_Code, OB_Order_Code)
	values ('4000007','11115','3000000004')
	Insert Into Order_Bolt(OB_Bolt_Code, OB_Category_Code, OB_Order_Code)
	values ('4000003','11116','3000000004')
	Insert Into Order_Bolt(OB_Bolt_Code, OB_Category_Code, OB_Order_Code)
	values ('4000005','11117','3000000004')
	Insert Into Order_Bolt(OB_Bolt_Code, OB_Category_Code, OB_Order_Code)
	values ('4000002','11118','3000000004')

	Insert Into Order_Status(OS_Code, OS_Date, OS_Time, OS_Status, OS_Ostaff_code)
	values ('3000000004','2022-01-05','22:46:00','Ordered','1001')

	Insert Into Order_Payment(OP_Order_Code, OP_Amount, OP_Date, OP_Time, OP_Customer_Code)
	values ('3000000004',122.5,'2022-02-28','00:03:12','22222224')
	Insert Into Order_Payment(OP_Order_Code, OP_Amount, OP_Date, OP_Time, OP_Customer_Code)
	values ('3000000004',347.5,'2022-04-17','09:55:22','22222224')
	go

-- Order 5
	Insert Into Order_Customer(O_Code, O_Customer_Code, O_Ostaff_code)
	values ('3000000005','22222222','1002')

	Insert Into Order_Status(OS_Code, OS_Date, OS_Time, OS_Status, OS_Ostaff_code)
	values ('3000000005','2022-10-15','12:00:31','New','1001')

	Insert Into Order_Bolt(OB_Bolt_Code, OB_Category_Code, OB_Order_Code)
	values ('4000001','11112','3000000005')
	Insert Into Order_Bolt(OB_Bolt_Code, OB_Category_Code, OB_Order_Code)
	values ('4000002','11112','3000000005')
	Insert Into Order_Bolt(OB_Bolt_Code, OB_Category_Code, OB_Order_Code)
	values ('4000003','11112','3000000005')
	Insert Into Order_Bolt(OB_Bolt_Code, OB_Category_Code, OB_Order_Code)
	values ('4000001','11113','3000000005')
	Insert Into Order_Bolt(OB_Bolt_Code, OB_Category_Code, OB_Order_Code)
	values ('4000002','11113','3000000005')
	Insert Into Order_Bolt(OB_Bolt_Code, OB_Category_Code, OB_Order_Code)
	values ('4000003','11113','3000000005')
	Insert Into Order_Bolt(OB_Bolt_Code, OB_Category_Code, OB_Order_Code)
	values ('4000005','11114','3000000005')
	Insert Into Order_Bolt(OB_Bolt_Code, OB_Category_Code, OB_Order_Code)
	values ('4000006','11114','3000000005')
	Insert Into Order_Bolt(OB_Bolt_Code, OB_Category_Code, OB_Order_Code)
	values ('4000007','11114','3000000005')
	Insert Into Order_Bolt(OB_Bolt_Code, OB_Category_Code, OB_Order_Code)
	values ('4000003','11118','3000000005')
	Insert Into Order_Bolt(OB_Bolt_Code, OB_Category_Code, OB_Order_Code)
	values ('4000004','11118','3000000005')
	
	Insert Into Order_Status(OS_Code, OS_Date, OS_Time, OS_Status, OS_Ostaff_code)
	values ('3000000005','2022-10-16','23:59:41','Ordered','1002')

	Insert Into Order_Payment(OP_Order_Code, OP_Amount, OP_Date, OP_Time, OP_Customer_Code)
	values ('3000000005',500.0,'2022-11-24','19:11:52','22222222')
	Insert Into Order_Payment(OP_Order_Code, OP_Amount, OP_Date, OP_Time, OP_Customer_Code)
	values ('3000000005',309.0,'2022-11-29','19:17:47','22222222')
	Insert Into Order_Payment(OP_Order_Code, OP_Amount, OP_Date, OP_Time, OP_Customer_Code)
	values ('3000000005',1015.0,'2022-11-30','20:25:10','22222222')
	go

-- Order 6
	Insert Into Order_Customer(O_Code, O_Customer_Code, O_Ostaff_code)
	values ('3000000006','22222223','1001')

	Insert Into Order_Status(OS_Code, OS_Date, OS_Time, OS_Status, OS_Ostaff_code)
	values ('3000000006','2023-03-03','17:45:23','New','1002')

	Insert Into Order_Bolt(OB_Bolt_Code, OB_Category_Code, OB_Order_Code)
	values ('4000001','11111','3000000006')
	Insert Into Order_Bolt(OB_Bolt_Code, OB_Category_Code, OB_Order_Code)
	values ('4000002','11111','3000000006')
	Insert Into Order_Bolt(OB_Bolt_Code, OB_Category_Code, OB_Order_Code)
	values ('4000004','11112','3000000006')
	Insert Into Order_Bolt(OB_Bolt_Code, OB_Category_Code, OB_Order_Code)
	values ('4000004','11113','3000000006')
	Insert Into Order_Bolt(OB_Bolt_Code, OB_Category_Code, OB_Order_Code)
	values ('4000005','11113','3000000006')
	Insert Into Order_Bolt(OB_Bolt_Code, OB_Category_Code, OB_Order_Code)
	values ('4000006','11113','3000000006')
	Insert Into Order_Bolt(OB_Bolt_Code, OB_Category_Code, OB_Order_Code)
	values ('4000004','11116','3000000006')
	Insert Into Order_Bolt(OB_Bolt_Code, OB_Category_Code, OB_Order_Code)
	values ('4000005','11116','3000000006')
	Insert Into Order_Bolt(OB_Bolt_Code, OB_Category_Code, OB_Order_Code)
	values ('4000006','11117','3000000006')
	Insert Into Order_Bolt(OB_Bolt_Code, OB_Category_Code, OB_Order_Code)
	values ('4000007','11117','3000000006')
	Insert Into Order_Bolt(OB_Bolt_Code, OB_Category_Code, OB_Order_Code)
	values ('4000005','11118','3000000006')
	
	Insert Into Order_Status(OS_Code, OS_Date, OS_Time, OS_Status, OS_Ostaff_code)
	values ('3000000006','2023-03-04','14:27:58','Ordered','1001')

	Insert Into Order_Payment(OP_Order_Code, OP_Amount, OP_Date, OP_Time, OP_Customer_Code)
	values ('3000000006',515.0,'2023-10-31','15:09:10','22222223')
	Insert Into Order_Payment(OP_Order_Code, OP_Amount, OP_Date, OP_Time, OP_Customer_Code)
	values ('3000000006',490.0,'2023-11-11','11:11:11','22222223')
	go

-- Order 7
	Insert Into Order_Customer(O_Code, O_Customer_Code, O_Ostaff_code)
	values ('3000000007','22222222','1002')

	Insert Into Order_Status(OS_Code, OS_Date, OS_Time, OS_Status, OS_Ostaff_code)
	values ('3000000007','2023-09-05','08:32:46','New','1002')
	
	Insert Into Order_Bolt(OB_Bolt_Code, OB_Category_Code, OB_Order_Code)
	values ('4000003','11111','3000000007')
	Insert Into Order_Bolt(OB_Bolt_Code, OB_Category_Code, OB_Order_Code)
	values ('4000004','11111','3000000007')
	Insert Into Order_Bolt(OB_Bolt_Code, OB_Category_Code, OB_Order_Code)
	values ('4000008','11115','3000000007')
	Insert Into Order_Bolt(OB_Bolt_Code, OB_Category_Code, OB_Order_Code)
	values ('4000009','11115','3000000007')
	Insert Into Order_Bolt(OB_Bolt_Code, OB_Category_Code, OB_Order_Code)
	values ('4000010','11115','3000000007')
	
	Insert Into Order_Status(OS_Code, OS_Date, OS_Time, OS_Status, OS_Ostaff_code)
	values ('3000000007','2023-09-05','16:54:33','Ordered','1002')

	Insert Into Order_Payment(OP_Order_Code, OP_Amount, OP_Date, OP_Time, OP_Customer_Code)
	values ('3000000007',1218.0,'2023-11-23','20:20:19','22222222')

	Insert Into Order_Status(OS_Code, OS_Date, OS_Time, OS_Status, OS_Cancel_Reason, OS_Ostaff_code)
	values ('3000000007','2023-11-25','13:49:35','Cancelled','The bolt quality is not ensured','1002')
	go

-- Order 8
	Insert Into Order_Customer(O_Code, O_Customer_Code, O_Ostaff_code)
	values ('3000000008','22222221','1001')

	Insert Into Order_Status(OS_Code, OS_Date, OS_Time, OS_Status, OS_Ostaff_code)
	values ('3000000008','2023-09-19','06:15:12','New','1001')

	Insert Into Order_Bolt(OB_Bolt_Code, OB_Category_Code, OB_Order_Code)
	values ('4000006','11116','3000000008')
	Insert Into Order_Bolt(OB_Bolt_Code, OB_Category_Code, OB_Order_Code)
	values ('4000007','11116','3000000008')
	Insert Into Order_Bolt(OB_Bolt_Code, OB_Category_Code, OB_Order_Code)
	values ('4000008','11116','3000000008')
	Insert Into Order_Bolt(OB_Bolt_Code, OB_Category_Code, OB_Order_Code)
	values ('4000009','11116','3000000008')
	Insert Into Order_Bolt(OB_Bolt_Code, OB_Category_Code, OB_Order_Code)
	values ('4000001','11119','3000000008')
	Insert Into Order_Bolt(OB_Bolt_Code, OB_Category_Code, OB_Order_Code)
	values ('4000002','11119','3000000008')
	Insert Into Order_Bolt(OB_Bolt_Code, OB_Category_Code, OB_Order_Code)
	values ('4000003','11119','3000000008')
	Insert Into Order_Bolt(OB_Bolt_Code, OB_Category_Code, OB_Order_Code)
	values ('4000001','11122','3000000008')
	Insert Into Order_Bolt(OB_Bolt_Code, OB_Category_Code, OB_Order_Code)
	values ('4000002','11122','3000000008')
	Insert Into Order_Bolt(OB_Bolt_Code, OB_Category_Code, OB_Order_Code)
	values ('4000003','11122','3000000008')
	
	Insert Into Order_Status(OS_Code, OS_Date, OS_Time, OS_Status, OS_Ostaff_code)
	values ('3000000008','2023-09-19','09:21:18','Ordered','1001')

	Insert Into Order_Payment(OP_Order_Code, OP_Amount, OP_Date, OP_Time, OP_Customer_Code)
	values ('3000000008',2590.0,'2023-09-19','09:25:40','22222221')
	go

-- Order 9
	Insert Into Order_Customer(O_Code, O_Customer_Code, O_Ostaff_code)
	values ('3000000009','22222224','1002')

	Insert Into Order_Status(OS_Code, OS_Date, OS_Time, OS_Status, OS_Ostaff_code)
	values ('3000000009','2023-10-12','19:19:10','New','1002')

	Insert Into Order_Bolt(OB_Bolt_Code, OB_Category_Code, OB_Order_Code)
	values ('4000004','11122','3000000009')
	Insert Into Order_Bolt(OB_Bolt_Code, OB_Category_Code, OB_Order_Code)
	values ('4000005','11122','3000000009')
	Insert Into Order_Bolt(OB_Bolt_Code, OB_Category_Code, OB_Order_Code)
	values ('4000006','11122','3000000009')
	Insert Into Order_Bolt(OB_Bolt_Code, OB_Category_Code, OB_Order_Code)
	values ('4000007','11122','3000000009')

	Insert Into Order_Status(OS_Code, OS_Date, OS_Time, OS_Status, OS_Cancel_Reason, OS_Ostaff_code)
	values ('3000000009','2023-10-13','16:00:01','Cancelled', 'No connection to the customer','1002')
	go

-- Order 10
	Insert Into Order_Customer(O_Code, O_Customer_Code, O_Ostaff_code)
	values ('3000000010','22222224','1002')

	Insert Into Order_Status(OS_Code, OS_Date, OS_Time, OS_Status, OS_Ostaff_code)
	values ('3000000010','2023-10-15','08:13:56','New','1002')

	Insert Into Order_Bolt(OB_Bolt_Code, OB_Category_Code, OB_Order_Code)
	values ('4000001','11120','3000000010')
	Insert Into Order_Bolt(OB_Bolt_Code, OB_Category_Code, OB_Order_Code)
	values ('4000002','11120','3000000010')
	Insert Into Order_Bolt(OB_Bolt_Code, OB_Category_Code, OB_Order_Code)
	values ('4000003','11120','3000000010')
	Insert Into Order_Bolt(OB_Bolt_Code, OB_Category_Code, OB_Order_Code)
	values ('4000004','11120','3000000010')
	Insert Into Order_Bolt(OB_Bolt_Code, OB_Category_Code, OB_Order_Code)
	values ('4000004','11122','3000000010')
	Insert Into Order_Bolt(OB_Bolt_Code, OB_Category_Code, OB_Order_Code)
	values ('4000005','11122','3000000010')

	Insert Into Order_Status(OS_Code, OS_Date, OS_Time, OS_Status, OS_Ostaff_code)
	values ('3000000010','2023-10-16','07:02:53','Ordered','1002')

	Insert Into Order_Payment(OP_Order_Code, OP_Amount, OP_Date, OP_Time, OP_Customer_Code)
	values ('3000000010',580.0,'2023-10-16','07:24:10','22222224')
	Insert Into Order_Payment(OP_Order_Code, OP_Amount, OP_Date, OP_Time, OP_Customer_Code)
	values ('3000000010',1200.0,'2023-12-03','12:57:03','22222224')
	go

-- Order 11
	Insert Into Order_Customer(O_Code, O_Customer_Code, O_Ostaff_code)
	values ('3000000011','22222223','1002')

	Insert Into Order_Status(OS_Code, OS_Date, OS_Time, OS_Status, OS_Ostaff_code)
	values ('3000000011','2023-10-24','23:59:41','New','1002')

	Insert Into Order_Bolt(OB_Bolt_Code, OB_Category_Code, OB_Order_Code)
	values ('4000001','11121','3000000011')
	Insert Into Order_Bolt(OB_Bolt_Code, OB_Category_Code, OB_Order_Code)
	values ('4000002','11121','3000000011')
	Insert Into Order_Bolt(OB_Bolt_Code, OB_Category_Code, OB_Order_Code)
	values ('4000003','11121','3000000011')
	Insert Into Order_Bolt(OB_Bolt_Code, OB_Category_Code, OB_Order_Code)
	values ('4000004','11121','3000000011')
	Insert Into Order_Bolt(OB_Bolt_Code, OB_Category_Code, OB_Order_Code)
	values ('4000005','11121','3000000011')
	Insert Into Order_Bolt(OB_Bolt_Code, OB_Category_Code, OB_Order_Code)
	values ('4000006','11121','3000000011')
	Insert Into Order_Bolt(OB_Bolt_Code, OB_Category_Code, OB_Order_Code)
	values ('4000007','11121','3000000011')

	Insert Into Order_Status(OS_Code, OS_Date, OS_Time, OS_Status, OS_Ostaff_code)
	values ('3000000011','2023-10-26','08:50:50','Ordered','1002')
	go

-- Order 12
	Insert Into Order_Customer(O_Code, O_Customer_Code, O_Ostaff_code)
	values ('3000000012','22222221','1001')

	Insert Into Order_Status(OS_Code, OS_Date, OS_Time, OS_Status, OS_Ostaff_code)
	values ('3000000012','2023-10-31','00:12:24','New','1001')

	Insert Into Order_Bolt(OB_Bolt_Code, OB_Category_Code, OB_Order_Code)
	values ('4000003','11111','3000000012')
	Insert Into Order_Bolt(OB_Bolt_Code, OB_Category_Code, OB_Order_Code)
	values ('4000007','11113','3000000012')
	Insert Into Order_Bolt(OB_Bolt_Code, OB_Category_Code, OB_Order_Code)
	values ('4000008','11115','3000000012')
	Insert Into Order_Bolt(OB_Bolt_Code, OB_Category_Code, OB_Order_Code)
	values ('4000008','11117','3000000012')
	Insert Into Order_Bolt(OB_Bolt_Code, OB_Category_Code, OB_Order_Code)
	values ('4000004','11119','3000000012')
	Insert Into Order_Bolt(OB_Bolt_Code, OB_Category_Code, OB_Order_Code)
	values ('4000008','11121','3000000012')

	Insert Into Order_Status(OS_Code, OS_Date, OS_Time, OS_Status, OS_Ostaff_code)
	values ('3000000012','2023-10-31','17:04:13','Ordered','1001')

	Insert Into Order_Payment(OP_Order_Code, OP_Amount, OP_Date, OP_Time, OP_Customer_Code)
	values ('3000000012',1600.0,'2023-11-03','21:25:43','22222221')
	go
	
-- Order 13
	Insert Into Order_Customer(O_Code, O_Customer_Code, O_Ostaff_code)
	values ('3000000013','22222221','1002')

	Insert Into Order_Status(OS_Code, OS_Date, OS_Time, OS_Status, OS_Ostaff_code)
	values ('3000000013','2023-11-03','22:47:00','New','1002')
	
	Insert Into Order_Bolt(OB_Bolt_Code, OB_Category_Code, OB_Order_Code)
	values ('4000004','11111','3000000013')
	Insert Into Order_Bolt(OB_Bolt_Code, OB_Category_Code, OB_Order_Code)
	values ('4000008','11113','3000000013')
	Insert Into Order_Bolt(OB_Bolt_Code, OB_Category_Code, OB_Order_Code)
	values ('4000009','11115','3000000013')
	Insert Into Order_Bolt(OB_Bolt_Code, OB_Category_Code, OB_Order_Code)
	values ('4000009','11117','3000000013')
	Insert Into Order_Bolt(OB_Bolt_Code, OB_Category_Code, OB_Order_Code)
	values ('4000005','11119','3000000013')
	Insert Into Order_Bolt(OB_Bolt_Code, OB_Category_Code, OB_Order_Code)
	values ('4000009','11121','3000000013')
	Insert Into Order_Bolt(OB_Bolt_Code, OB_Category_Code, OB_Order_Code)
	values ('4000005','11112','3000000013')
	Insert Into Order_Bolt(OB_Bolt_Code, OB_Category_Code, OB_Order_Code)
	values ('4000008','11114','3000000013')
	Insert Into Order_Bolt(OB_Bolt_Code, OB_Category_Code, OB_Order_Code)
	values ('4000010','11116','3000000013')
	Insert Into Order_Bolt(OB_Bolt_Code, OB_Category_Code, OB_Order_Code)
	values ('4000006','11118','3000000013')
	Insert Into Order_Bolt(OB_Bolt_Code, OB_Category_Code, OB_Order_Code)
	values ('4000005','11120','3000000013')
	Insert Into Order_Bolt(OB_Bolt_Code, OB_Category_Code, OB_Order_Code)
	values ('4000006','11122','3000000013')

	Insert Into Order_Status(OS_Code, OS_Date, OS_Time, OS_Status, OS_Ostaff_code)
	values ('3000000013','2023-11-05','10:22:39','Ordered','1002')

	Insert Into Order_Payment(OP_Order_Code, OP_Amount, OP_Date, OP_Time, OP_Customer_Code)
	values ('3000000013',3200.0,'2023-11-06','13:55:24','22222221')
	go

-- Order 14
	Insert Into Order_Customer(O_Code, O_Customer_Code, O_Ostaff_code)
	values ('3000000014','22222222','1002')

	Insert Into Order_Status(OS_Code, OS_Date, OS_Time, OS_Status, OS_Ostaff_code)
	values ('3000000014','2023-11-14','14:44:41','New','1002')
	
	Insert Into Order_Bolt(OB_Bolt_Code, OB_Category_Code, OB_Order_Code)
	values ('4000010','11115','3000000014')
	Insert Into Order_Bolt(OB_Bolt_Code, OB_Category_Code, OB_Order_Code)
	values ('4000011','11115','3000000014')
	Insert Into Order_Bolt(OB_Bolt_Code, OB_Category_Code, OB_Order_Code)
	values ('4000012','11115','3000000014')
	Insert Into Order_Bolt(OB_Bolt_Code, OB_Category_Code, OB_Order_Code)
	values ('4000013','11115','3000000014')
	Insert Into Order_Bolt(OB_Bolt_Code, OB_Category_Code, OB_Order_Code)
	values ('4000014','11115','3000000014')
	Insert Into Order_Bolt(OB_Bolt_Code, OB_Category_Code, OB_Order_Code)
	values ('4000010','11121','3000000014')
	Insert Into Order_Bolt(OB_Bolt_Code, OB_Category_Code, OB_Order_Code)
	values ('4000011','11121','3000000014')
	Insert Into Order_Bolt(OB_Bolt_Code, OB_Category_Code, OB_Order_Code)
	values ('4000012','11121','3000000014')
	Insert Into Order_Bolt(OB_Bolt_Code, OB_Category_Code, OB_Order_Code)
	values ('4000013','11121','3000000014')
	Insert Into Order_Bolt(OB_Bolt_Code, OB_Category_Code, OB_Order_Code)
	values ('4000014','11121','3000000014')

	Insert Into Order_Status(OS_Code, OS_Date, OS_Time, OS_Status, OS_Ostaff_code)
	values ('3000000014','2023-11-15','09:09:59','Ordered','1002')

	Insert Into Order_Payment(OP_Order_Code, OP_Amount, OP_Date, OP_Time, OP_Customer_Code)
	values ('3000000014',3000.0,'2023-11-15','09:11:21','22222222')
	go

-- Order 15
	Insert Into Order_Customer(O_Code, O_Customer_Code, O_Ostaff_code)
	values ('3000000015','22222224','1001')

	Insert Into Order_Status(OS_Code, OS_Date, OS_Time, OS_Status, OS_Ostaff_code)
	values ('3000000015','2023-11-19','03:10:58','New','1001')
	
	Insert Into Order_Bolt(OB_Bolt_Code, OB_Category_Code, OB_Order_Code)
	values ('4000005','11111','3000000015')
	Insert Into Order_Bolt(OB_Bolt_Code, OB_Category_Code, OB_Order_Code)
	values ('4000006','11111','3000000015')
	Insert Into Order_Bolt(OB_Bolt_Code, OB_Category_Code, OB_Order_Code)
	values ('4000007','11111','3000000015')
	Insert Into Order_Bolt(OB_Bolt_Code, OB_Category_Code, OB_Order_Code)
	values ('4000008','11111','3000000015')

	Insert Into Order_Status(OS_Code, OS_Date, OS_Time, OS_Status, OS_Ostaff_code)
	values ('3000000015','2023-11-19','16:40:07','Ordered','1001')

	Insert Into Order_Status(OS_Code, OS_Date, OS_Time, OS_Status, OS_Cancel_Reason)
	values ('3000000015','2023-11-20','01:00:27','Cancelled','Customer cancels the order')
	go

-- Order 16
	Insert Into Order_Customer(O_Code, O_Customer_Code, O_Ostaff_code)
	values ('3000000016','22222222','1002')

	Insert Into Order_Status(OS_Code, OS_Date, OS_Time, OS_Status, OS_Ostaff_code)
	values ('3000000016','2023-11-27','11:11:00','New','1002')
	
	Insert Into Order_Bolt(OB_Bolt_Code, OB_Category_Code, OB_Order_Code)
	values ('4000005','11111','3000000016')
	Insert Into Order_Bolt(OB_Bolt_Code, OB_Category_Code, OB_Order_Code)
	values ('4000006','11111','3000000016')
	Insert Into Order_Bolt(OB_Bolt_Code, OB_Category_Code, OB_Order_Code)
	values ('4000007','11111','3000000016')
	Insert Into Order_Bolt(OB_Bolt_Code, OB_Category_Code, OB_Order_Code)
	values ('4000010','11117','3000000016')
	Insert Into Order_Bolt(OB_Bolt_Code, OB_Category_Code, OB_Order_Code)
	values ('4000011','11117','3000000016')
	Insert Into Order_Bolt(OB_Bolt_Code, OB_Category_Code, OB_Order_Code)
	values ('4000012','11117','3000000016')
	Insert Into Order_Bolt(OB_Bolt_Code, OB_Category_Code, OB_Order_Code)
	values ('4000007','11118','3000000016')

	Insert Into Order_Status(OS_Code, OS_Date, OS_Time, OS_Status, OS_Ostaff_code)
	values ('3000000016','2023-11-27','15:00:59','Ordered','1002')

	Insert Into Order_Payment(OP_Order_Code, OP_Amount, OP_Date, OP_Time, OP_Customer_Code)
	values ('3000000016',1475.0,'2023-11-30','22:16:45','22222222')
	Insert Into Order_Payment(OP_Order_Code, OP_Amount, OP_Date, OP_Time, OP_Customer_Code)
	values ('3000000016',560.0,'2023-12-01','00:05:13','22222222')
	go

-- Order 17
	Insert Into Order_Customer(O_Code, O_Customer_Code, O_Ostaff_code)
	values ('3000000017','22222221','1001')

	Insert Into Order_Status(OS_Code, OS_Date, OS_Time, OS_Status, OS_Ostaff_code)
	values ('3000000017','2023-12-02','05:42:13','New','1001')
	
	Insert Into Order_Bolt(OB_Bolt_Code, OB_Category_Code, OB_Order_Code)
	values ('4000006','11112','3000000017')
	Insert Into Order_Bolt(OB_Bolt_Code, OB_Category_Code, OB_Order_Code)
	values ('4000006','11119','3000000017')
	Insert Into Order_Bolt(OB_Bolt_Code, OB_Category_Code, OB_Order_Code)
	values ('4000007','11119','3000000017')
	Insert Into Order_Bolt(OB_Bolt_Code, OB_Category_Code, OB_Order_Code)
	values ('4000007','11122','3000000017')
	Insert Into Order_Bolt(OB_Bolt_Code, OB_Category_Code, OB_Order_Code)
	values ('4000008','11122','3000000017')
	Insert Into Order_Bolt(OB_Bolt_Code, OB_Category_Code, OB_Order_Code)
	values ('4000009','11122','3000000017')

	Insert Into Order_Status(OS_Code, OS_Date, OS_Time, OS_Status, OS_Ostaff_code)
	values ('3000000017','2023-12-02','17:08:46','Ordered','1001')

	Insert Into Order_Payment(OP_Order_Code, OP_Amount, OP_Date, OP_Time, OP_Customer_Code)
	values ('3000000017',545.0,'2023-12-02','18:25:23','22222221')
	Insert Into Order_Payment(OP_Order_Code, OP_Amount, OP_Date, OP_Time, OP_Customer_Code)
	values ('3000000017',45.0,'2023-12-02','23:10:48','22222221')
	Insert Into Order_Payment(OP_Order_Code, OP_Amount, OP_Date, OP_Time, OP_Customer_Code)
	values ('3000000017',1010.0,'2023-12-03','15:17:07','22222221')
	go